id,group,s,t
0,1,0,0
1,1,0,1
2,21,0,5
3,21,0,6
4,21,0,17
5,25,0,18
6,25,0,64
7,14,0,73
8,14,0,74
9,14,0,88
10,9,0,101
11,14,0,103
12,14,0,146
13,26,0,148
14,4,0,166
15,17,0,177
16,34,0,178
17,1,1,1
18,1,2,2
19,14,2,3
20,9,2,4
21,9,2,5
22,9,2,6
23,11,2,13
24,11,2,54
25,11,2,55
26,11,2,56
27,11,2,57
28,11,2,58
29,11,2,59
30,11,2,63
31,11,2,64
32,11,2,86
33,11,2,89
34,11,2,96
35,11,2,102
36,11,2,107
37,11,2,131
38,11,2,132
39,11,2,137
40,11,2,138
41,5,2,140
42,34,2,158
43,14,2,160
44,14,2,162
45,17,2,174
46,17,2,192
47,10,2,193
48,10,2,194
49,36,2,195
50,37,3,2
51,5,3,3
52,7,3,4
53,4,3,6
54,22,3,46
55,22,3,56
56,21,3,57
57,21,3,58
58,21,3,59
59,21,3,62
60,7,3,63
61,7,3,89
62,36,3,102
63,21,3,107
64,25,3,128
65,4,3,137
66,8,3,158
67,15,3,174
68,15,3,175
69,15,3,183
70,37,3,192
71,37,3,193
72,9,3,194
73,1,3,195
74,1,4,2
75,10,4,3
76,10,4,4
77,3,4,6
78,3,4,13
79,3,4,54
80,29,4,55
81,15,4,56
82,36,4,57
83,36,4,58
84,37,4,59
85,1,4,62
86,36,4,63
87,34,4,81
88,20,4,82
89,20,4,89
90,8,4,96
91,15,4,102
92,9,4,107
93,4,4,114
94,5,4,121
95,4,4,126
96,20,4,131
97,16,4,137
98,16,4,138
99,16,4,142
100,16,4,145
101,16,4,158
102,38,4,160
103,7,4,162
104,7,4,166
105,34,4,169
106,38,4,170
107,36,4,174
108,8,4,183
109,27,4,192
110,8,4,193
111,8,4,194
112,8,4,195
113,10,5,0
114,10,5,2
115,13,5,5
116,13,5,6
117,6,5,7
118,26,5,11
119,10,5,21
120,1,5,24
121,36,5,29
122,0,5,34
123,13,5,35
124,16,5,41
125,16,5,42
126,22,5,47
127,6,5,53
128,5,5,55
129,4,5,57
130,0,5,58
131,28,5,59
132,28,5,63
133,4,5,64
134,2,5,74
135,13,5,76
136,13,5,82
137,21,5,89
138,21,5,96
139,17,5,97
140,17,5,99
141,14,5,100
142,36,5,105
143,8,5,106
144,40,5,115
145,35,5,117
146,15,5,120
147,23,5,125
148,0,5,128
149,0,5,132
150,7,5,133
151,10,5,134
152,37,5,135
153,27,5,140
154,35,5,141
155,35,5,154
156,0,5,157
157,0,5,169
158,19,5,170
159,19,5,171
160,36,5,183
161,14,5,184
162,37,5,189
163,24,5,191
164,17,5,192
165,13,5,194
166,36,5,195
167,4,5,198
168,4,6,0
169,13,6,2
170,13,6,3
171,10,6,4
172,4,6,5
173,38,6,6
174,32,6,21
175,32,6,54
176,4,6,55
177,1,6,56
178,0,6,57
179,0,6,58
180,0,6,59
181,7,6,63
182,7,6,64
183,4,6,79
184,15,6,89
185,16,6,96
186,40,6,102
187,15,6,126
188,15,6,128
189,15,6,132
190,15,6,134
191,0,6,137
192,21,6,139
193,21,6,140
194,21,6,141
195,21,6,149
196,5,6,157
197,4,6,168
198,4,6,169
199,4,6,170
200,4,6,181
,,6,183
,,6,184
,,6,191
,,6,193
,,6,194
,,6,195
,,7,5
,,7,7
,,7,8
,,7,11
,,7,12
,,7,19
,,7,44
,,7,62
,,7,86
,,7,112
,,7,141
,,7,161
,,8,7
,,8,8
,,8,9
,,8,11
,,8,12
,,8,44
,,8,86
,,8,141
,,8,160
,,9,8
,,9,9
,,9,19
,,9,44
,,10,11
,,10,13
,,10,20
,,10,21
,,10,25
,,10,36
,,10,64
,,10,69
,,10,82
,,10,86
,,10,96
,,10,105
,,10,121
,,10,134
,,10,143
,,10,173
,,11,7
,,11,8
,,11,10
,,11,11
,,11,12
,,11,20
,,11,21
,,11,22
,,11,44
,,11,64
,,11,90
,,11,91
,,11,92
,,11,106
,,11,128
,,11,129
,,11,133
,,11,141
,,11,159
,,11,161
,,11,183
,,12,7
,,12,8
,,12,11
,,12,12
,,12,13
,,12,14
,,12,19
,,12,44
,,12,62
,,12,82
,,12,86
,,12,121
,,12,141
,,12,160
,,12,161
,,12,183
,,13,2
,,13,4
,,13,10
,,13,13
,,13,15
,,13,19
,,13,21
,,13,23
,,13,25
,,13,26
,,13,27
,,13,29
,,13,30
,,13,32
,,13,33
,,13,35
,,13,36
,,13,38
,,13,39
,,13,40
,,13,47
,,13,51
,,13,53
,,13,56
,,13,63
,,13,65
,,13,69
,,13,78
,,13,79
,,13,83
,,13,90
,,13,93
,,13,94
,,13,95
,,13,96
,,13,98
,,13,108
,,13,113
,,13,114
,,13,118
,,13,126
,,13,128
,,13,129
,,13,130
,,13,135
,,13,137
,,13,145
,,13,146
,,13,147
,,13,156
,,13,164
,,13,165
,,13,167
,,13,168
,,13,170
,,13,171
,,13,172
,,13,177
,,13,179
,,13,183
,,13,184
,,13,190
,,13,191
,,13,197
,,13,199
,,14,12
,,14,14
,,14,18
,,14,47
,,14,51
,,14,53
,,14,61
,,14,64
,,14,65
,,14,79
,,14,85
,,14,86
,,14,93
,,14,103
,,14,128
,,14,129
,,14,130
,,14,133
,,14,141
,,14,167
,,14,168
,,14,172
,,14,178
,,14,181
,,14,196
,,15,15
,,15,16
,,15,45
,,15,46
,,15,62
,,15,82
,,15,128
,,15,139
,,15,140
,,15,160
,,15,162
,,15,164
,,15,174
,,15,183
,,16,44
,,16,63
,,16,64
,,16,68
,,16,80
,,16,81
,,16,105
,,16,106
,,16,107
,,16,115
,,16,121
,,16,128
,,16,132
,,16,157
,,16,164
,,16,170
,,16,174
,,16,183
,,17,0
,,17,1
,,17,17
,,17,18
,,17,21
,,17,23
,,17,41
,,17,42
,,17,62
,,17,73
,,17,74
,,17,82
,,17,83
,,17,85
,,17,86
,,17,87
,,17,105
,,17,106
,,17,107
,,17,115
,,17,120
,,17,121
,,17,142
,,17,146
,,17,147
,,17,153
,,17,154
,,17,155
,,17,160
,,17,162
,,17,163
,,17,166
,,17,173
,,17,177
,,17,180
,,17,189
,,18,0
,,18,17
,,18,18
,,18,62
,,18,74
,,18,85
,,18,86
,,18,103
,,18,104
,,18,107
,,18,115
,,18,120
,,18,121
,,18,133
,,18,160
,,18,166
,,18,167
,,18,177
,,18,182
,,19,7
,,19,11
,,19,12
,,19,19
,,19,42
,,19,44
,,19,49
,,19,62
,,19,83
,,19,107
,,19,121
,,19,141
,,19,142
,,19,160
,,19,161
,,19,183
,,19,184
,,20,10
,,20,11
,,20,20
,,20,21
,,20,22
,,20,28
,,20,42
,,20,62
,,20,68
,,20,72
,,20,74
,,20,80
,,20,81
,,20,82
,,20,83
,,20,86
,,20,92
,,20,96
,,20,106
,,20,127
,,20,137
,,20,142
,,20,160
,,20,166
,,20,173
,,20,187
,,20,188
,,21,1
,,21,5
,,21,6
,,21,10
,,21,11
,,21,13
,,21,17
,,21,20
,,21,21
,,21,22
,,21,28
,,21,29
,,21,36
,,21,41
,,21,42
,,21,44
,,21,46
,,21,62
,,21,64
,,21,68
,,21,72
,,21,74
,,21,80
,,21,81
,,21,82
,,21,83
,,21,86
,,21,87
,,21,92
,,21,96
,,21,105
,,21,106
,,21,107
,,21,114
,,21,115
,,21,118
,,21,121
,,21,127
,,21,128
,,21,129
,,21,137
,,21,145
,,21,146
,,21,152
,,21,160
,,21,166
,,21,169
,,21,173
,,21,174
,,21,183
,,21,184
,,21,187
,,21,188
,,21,189
,,22,11
,,22,20
,,22,21
,,22,22
,,22,35
,,22,92
,,22,127
,,22,137
,,22,155
,,22,173
,,23,13
,,23,23
,,23,24
,,23,25
,,23,26
,,23,27
,,23,28
,,23,29
,,23,30
,,23,31
,,23,32
,,23,33
,,23,34
,,23,35
,,23,36
,,23,37
,,23,38
,,23,39
,,23,40
,,23,62
,,23,82
,,23,87
,,23,96
,,23,107
,,23,115
,,23,116
,,23,121
,,23,128
,,23,135
,,23,151
,,23,160
,,23,165
,,23,166
,,23,170
,,23,171
,,23,172
,,24,23
,,24,24
,,24,25
,,24,26
,,24,27
,,24,28
,,24,29
,,24,30
,,24,31
,,24,32
,,24,33
,,24,34
,,24,35
,,24,36
,,24,37
,,24,38
,,24,39
,,24,40
,,24,64
,,24,96
,,24,114
,,24,151
,,24,169
,,25,10
,,25,23
,,25,24
,,25,26
,,25,30
,,25,34
,,25,36
,,25,38
,,25,40
,,25,133
,,26,23
,,26,24
,,26,25
,,26,26
,,26,27
,,26,28
,,26,29
,,26,32
,,26,34
,,26,35
,,26,38
,,26,40
,,26,47
,,26,135
,,26,170
,,27,23
,,27,24
,,27,25
,,27,26
,,27,27
,,27,28
,,27,29
,,27,30
,,27,31
,,27,32
,,27,33
,,27,34
,,27,35
,,27,36
,,27,37
,,27,38
,,27,39
,,27,40
,,27,51
,,27,62
,,27,93
,,27,116
,,27,121
,,27,135
,,27,136
,,27,165
,,27,170
,,27,197
,,28,20
,,28,21
,,28,23
,,28,24
,,28,25
,,28,26
,,28,27
,,28,28
,,28,29
,,28,30
,,28,31
,,28,32
,,28,33
,,28,34
,,28,35
,,28,36
,,28,37
,,28,38
,,28,39
,,28,40
,,28,44
,,28,46
,,28,51
,,28,62
,,28,63
,,28,80
,,28,81
,,28,86
,,28,87
,,28,96
,,28,105
,,28,107
,,28,113
,,28,114
,,28,115
,,28,116
,,28,128
,,28,129
,,28,133
,,28,151
,,28,160
,,28,165
,,28,169
,,28,170
,,28,172
,,28,183
,,29,5
,,29,21
,,29,23
,,29,24
,,29,25
,,29,26
,,29,27
,,29,28
,,29,29
,,29,30
,,29,31
,,29,32
,,29,33
,,29,34
,,29,35
,,29,36
,,29,37
,,29,38
,,29,39
,,29,40
,,29,51
,,29,62
,,29,113
,,29,116
,,29,133
,,29,151
,,29,169
,,29,183
,,30,23
,,30,24
,,30,25
,,30,26
,,30,27
,,30,28
,,30,29
,,30,30
,,30,31
,,30,32
,,30,33
,,30,34
,,30,35
,,30,36
,,30,37
,,30,38
,,30,39
,,30,40
,,30,41
,,30,44
,,30,51
,,30,62
,,30,82
,,30,86
,,30,115
,,30,116
,,30,121
,,30,128
,,30,129
,,30,133
,,30,135
,,30,136
,,30,151
,,30,160
,,30,165
,,30,169
,,30,172
,,31,23
,,31,24
,,31,27
,,31,28
,,31,29
,,31,30
,,31,31
,,31,32
,,31,33
,,31,35
,,31,36
,,31,37
,,31,39
,,31,40
,,31,51
,,31,82
,,31,96
,,31,107
,,31,115
,,31,121
,,31,123
,,31,135
,,31,142
,,31,143
,,31,151
,,31,155
,,31,162
,,31,165
,,31,170
,,31,198
,,32,23
,,32,24
,,32,26
,,32,27
,,32,28
,,32,30
,,32,31
,,32,32
,,32,33
,,32,35
,,32,40
,,32,113
,,32,151
,,32,165
,,33,23
,,33,27
,,33,28
,,33,29
,,33,30
,,33,31
,,33,32
,,33,33
,,33,34
,,33,35
,,33,39
,,33,40
,,33,113
,,34,5
,,34,23
,,34,24
,,34,25
,,34,26
,,34,27
,,34,28
,,34,29
,,34,30
,,34,31
,,34,32
,,34,33
,,34,34
,,34,35
,,34,36
,,34,37
,,34,38
,,34,39
,,34,40
,,34,54
,,34,151
,,35,5
,,35,14
,,35,23
,,35,24
,,35,25
,,35,26
,,35,27
,,35,28
,,35,29
,,35,30
,,35,31
,,35,32
,,35,33
,,35,34
,,35,35
,,35,36
,,35,37
,,35,38
,,35,39
,,35,40
,,35,51
,,35,62
,,35,107
,,35,114
,,35,121
,,35,128
,,35,129
,,35,151
,,35,165
,,35,168
,,35,170
,,36,10
,,36,21
,,36,23
,,36,25
,,36,28
,,36,29
,,36,30
,,36,31
,,36,36
,,36,48
,,36,113
,,36,121
,,36,129
,,36,165
,,36,169
,,36,183
,,37,23
,,37,24
,,37,25
,,37,26
,,37,27
,,37,28
,,37,29
,,37,30
,,37,31
,,37,32
,,37,33
,,37,34
,,37,35
,,37,36
,,37,37
,,37,38
,,37,39
,,37,40
,,37,48
,,37,86
,,37,96
,,37,112
,,37,123
,,37,151
,,38,23
,,38,25
,,38,26
,,38,27
,,38,28
,,38,29
,,38,30
,,38,31
,,38,33
,,38,35
,,38,37
,,38,38
,,38,39
,,38,40
,,38,47
,,38,48
,,38,86
,,38,113
,,38,116
,,38,165
,,38,170
,,38,171
,,39,23
,,39,27
,,39,28
,,39,29
,,39,34
,,39,35
,,39,39
,,39,40
,,39,86
,,39,114
,,39,165
,,40,23
,,40,24
,,40,25
,,40,26
,,40,27
,,40,28
,,40,29
,,40,30
,,40,31
,,40,32
,,40,33
,,40,34
,,40,35
,,40,37
,,40,38
,,40,39
,,40,40
,,40,47
,,40,48
,,40,75
,,40,93
,,40,113
,,40,119
,,40,135
,,40,151
,,40,170
,,40,171
,,41,5
,,41,14
,,41,23
,,41,28
,,41,30
,,41,41
,,41,42
,,41,47
,,41,51
,,41,62
,,41,63
,,41,85
,,41,86
,,41,87
,,41,93
,,41,94
,,41,95
,,41,105
,,41,107
,,41,113
,,41,114
,,41,115
,,41,121
,,41,123
,,41,128
,,41,133
,,41,136
,,41,160
,,41,165
,,41,166
,,41,167
,,41,169
,,41,171
,,41,180
,,41,196
,,41,197
,,41,198
,,41,199
,,41,200
,,42,5
,,42,17
,,42,19
,,42,20
,,42,23
,,42,41
,,42,42
,,42,44
,,42,58
,,42,64
,,42,74
,,42,81
,,42,83
,,42,87
,,42,105
,,42,106
,,42,115
,,42,128
,,42,129
,,42,143
,,42,145
,,42,147
,,42,160
,,42,163
,,42,166
,,42,169
,,42,183
,,42,184
,,42,187
,,42,188
,,42,190
,,43,43
,,43,44
,,44,7
,,44,8
,,44,9
,,44,10
,,44,11
,,44,12
,,44,16
,,44,19
,,44,30
,,44,43
,,44,44
,,44,51
,,44,62
,,44,82
,,44,86
,,44,105
,,44,106
,,44,107
,,44,121
,,44,128
,,44,129
,,44,133
,,44,141
,,44,155
,,44,160
,,44,161
,,44,166
,,44,183
,,45,15
,,45,16
,,45,45
,,45,46
,,45,62
,,45,107
,,45,124
,,45,139
,,45,140
,,45,142
,,45,162
,,45,164
,,46,3
,,46,15
,,46,16
,,46,21
,,46,45
,,46,46
,,46,63
,,46,96
,,46,106
,,46,114
,,46,121
,,46,128
,,46,129
,,46,132
,,46,137
,,46,139
,,46,140
,,46,155
,,46,164
,,46,169
,,46,174
,,47,14
,,47,26
,,47,38
,,47,40
,,47,41
,,47,47
,,47,48
,,47,76
,,47,79
,,47,86
,,47,96
,,47,107
,,47,113
,,47,114
,,47,116
,,47,129
,,47,135
,,47,160
,,47,168
,,47,172
,,48,27
,,48,36
,,48,37
,,48,39
,,48,40
,,48,47
,,48,48
,,48,50
,,48,75
,,48,76
,,48,84
,,48,96
,,48,105
,,48,113
,,48,114
,,48,115
,,48,151
,,48,165
,,48,166
,,48,171
,,49,49
,,49,50
,,49,71
,,49,83
,,49,84
,,49,87
,,50,48
,,50,49
,,50,50
,,50,71
,,50,84
,,50,87
,,50,152
,,51,27
,,51,28
,,51,29
,,51,30
,,51,35
,,51,41
,,51,44
,,51,51
,,51,64
,,51,79
,,51,82
,,51,85
,,51,93
,,51,95
,,51,100
,,51,109
,,51,112
,,51,113
,,51,114
,,51,118
,,51,124
,,51,128
,,51,133
,,51,141
,,51,143
,,51,160
,,51,165
,,51,196
,,51,197
,,51,199
,,51,200
,,52,1
,,52,52
,,52,53
,,52,61
,,52,103
,,52,128
,,52,146
,,52,157
,,52,185
,,52,197
,,53,14
,,53,18
,,53,61
,,53,82
,,53,85
,,53,103
,,53,128
,,53,129
,,53,157
,,53,178
,,53,182
,,54,2
,,54,6
,,54,34
,,54,54
,,54,55
,,54,56
,,54,57
,,54,58
,,54,59
,,54,63
,,54,88
,,54,89
,,54,96
,,54,107
,,54,126
,,54,131
,,54,132
,,54,137
,,54,138
,,54,166
,,54,174
,,54,194
,,55,2
,,55,3
,,55,6
,,55,54
,,55,55
,,55,56
,,55,57
,,55,58
,,55,59
,,55,86
,,55,107
,,55,126
,,55,131
,,55,160
,,55,166
,,55,193
,,56,2
,,56,3
,,56,4
,,56,6
,,56,54
,,56,55
,,56,56
,,56,57
,,56,58
,,56,59
,,56,63
,,56,89
,,56,96
,,56,126
,,56,137
,,56,138
,,56,174
,,56,194
,,57,2
,,57,3
,,57,4
,,57,5
,,57,6
,,57,54
,,57,55
,,57,56
,,57,57
,,57,58
,,57,59
,,57,63
,,57,64
,,57,88
,,57,89
,,57,96
,,57,126
,,57,137
,,57,138
,,57,160
,,57,174
,,57,193
,,57,194
,,57,195
,,58,2
,,58,3
,,58,4
,,58,5
,,58,6
,,58,13
,,58,54
,,58,55
,,58,56
,,58,57
,,58,58
,,58,59
,,58,62
,,58,63
,,58,81
,,58,82
,,58,83
,,58,84
,,58,86
,,58,87
,,58,88
,,58,89
,,58,96
,,58,105
,,58,107
,,58,115
,,58,121
,,58,126
,,58,129
,,58,131
,,58,132
,,58,137
,,58,138
,,58,142
,,58,145
,,58,154
,,58,155
,,58,158
,,58,159
,,58,160
,,58,162
,,58,166
,,58,174
,,58,175
,,58,183
,,58,193
,,58,194
,,58,195
,,59,2
,,59,3
,,59,4
,,59,5
,,59,6
,,59,54
,,59,55
,,59,56
,,59,57
,,59,58
,,59,59
,,59,63
,,59,89
,,59,96
,,59,132
,,59,137
,,59,138
,,59,160
,,59,192
,,59,194
,,59,195
,,60,60
,,60,61
,,60,95
,,60,103
,,60,104
,,60,105
,,60,122
,,60,133
,,60,150
,,60,157
,,60,167
,,60,172
,,60,177
,,60,179
,,60,181
,,60,182
,,61,14
,,61,19
,,61,52
,,61,60
,,61,61
,,61,64
,,61,95
,,61,103
,,61,104
,,61,123
,,61,150
,,61,157
,,61,160
,,61,172
,,61,178
,,61,179
,,61,181
,,61,182
,,62,2
,,62,3
,,62,4
,,62,7
,,62,8
,,62,12
,,62,15
,,62,17
,,62,18
,,62,19
,,62,21
,,62,23
,,62,28
,,62,29
,,62,30
,,62,35
,,62,41
,,62,44
,,62,45
,,62,58
,,62,62
,,62,63
,,62,64
,,62,68
,,62,70
,,62,77
,,62,78
,,62,79
,,62,80
,,62,81
,,62,82
,,62,83
,,62,86
,,62,87
,,62,89
,,62,90
,,62,98
,,62,99
,,62,106
,,62,107
,,62,113
,,62,114
,,62,115
,,62,128
,,62,129
,,62,131
,,62,132
,,62,133
,,62,134
,,62,137
,,62,141
,,62,142
,,62,143
,,62,147
,,62,151
,,62,152
,,62,153
,,62,158
,,62,159
,,62,163
,,62,164
,,62,168
,,62,169
,,62,170
,,62,172
,,62,173
,,62,174
,,62,179
,,62,180
,,62,183
,,62,184
,,62,187
,,62,188
,,62,189
,,62,190
,,63,2
,,63,3
,,63,4
,,63,6
,,63,13
,,63,16
,,63,28
,,63,41
,,63,44
,,63,46
,,63,54
,,63,55
,,63,56
,,63,57
,,63,58
,,63,59
,,63,62
,,63,63
,,63,81
,,63,82
,,63,87
,,63,88
,,63,89
,,63,107
,,63,114
,,63,115
,,63,121
,,63,126
,,63,128
,,63,129
,,63,131
,,63,132
,,63,137
,,63,138
,,63,158
,,63,160
,,63,162
,,63,164
,,63,169
,,63,174
,,63,175
,,63,183
,,63,184
,,63,193
,,63,194
,,63,195
,,64,5
,,64,6
,,64,11
,,64,14
,,64,21
,,64,24
,,64,42
,,64,51
,,64,61
,,64,64
,,64,65
,,64,68
,,64,74
,,64,80
,,64,87
,,64,89
,,64,90
,,64,91
,,64,93
,,64,94
,,64,95
,,64,96
,,64,99
,,64,103
,,64,113
,,64,115
,,64,116
,,64,124
,,64,128
,,64,133
,,64,134
,,64,140
,,64,141
,,64,149
,,64,157
,,64,165
,,64,168
,,64,169
,,64,170
,,64,172
,,64,173
,,64,183
,,64,184
,,64,191
,,64,196
,,64,197
,,64,199
,,65,0
,,65,14
,,65,51
,,65,53
,,65,64
,,65,65
,,65,92
,,65,94
,,65,101
,,65,107
,,65,129
,,65,130
,,65,133
,,65,135
,,65,169
,,65,172
,,65,176
,,65,177
,,65,178
,,65,197
,,65,199
,,65,200
,,66,48
,,66,64
,,66,66
,,66,67
,,66,90
,,66,91
,,66,96
,,66,108
,,66,111
,,66,112
,,66,117
,,66,121
,,66,146
,,67,66
,,67,74
,,67,86
,,67,108
,,67,160
,,67,189
,,68,16
,,68,20
,,68,21
,,68,62
,,68,68
,,68,69
,,68,80
,,68,82
,,68,86
,,68,106
,,68,107
,,68,121
,,68,142
,,68,160
,,68,173
,,68,183
,,68,184
,,69,10
,,69,13
,,69,64
,,69,68
,,69,69
,,69,80
,,69,81
,,69,86
,,69,87
,,69,105
,,69,107
,,69,108
,,69,141
,,69,160
,,69,173
,,69,183
,,69,184
,,69,189
,,69,190
,,70,62
,,70,71
,,70,83
,,70,84
,,70,152
,,70,180
,,70,186
,,71,49
,,71,50
,,71,70
,,71,71
,,71,83
,,71,84
,,71,121
,,71,152
,,71,162
,,72,20
,,72,21
,,72,106
,,72,163
,,73,0
,,73,17
,,73,73
,,73,74
,,73,84
,,73,106
,,73,116
,,73,166
,,74,0
,,74,1
,,74,17
,,74,18
,,74,20
,,74,21
,,74,42
,,74,62
,,74,64
,,74,67
,,74,73
,,74,74
,,74,85
,,74,86
,,74,87
,,74,105
,,74,106
,,74,107
,,74,116
,,74,120
,,74,121
,,74,142
,,74,152
,,74,166
,,74,177
,,74,187
,,74,188
,,75,36
,,75,40
,,75,48
,,75,75
,,75,76
,,75,96
,,75,135
,,76,47
,,76,48
,,76,75
,,76,76
,,76,96
,,76,119
,,76,139
,,77,62
,,77,78
,,77,79
,,77,105
,,77,107
,,77,121
,,77,166
,,79,13
,,79,14
,,79,47
,,79,51
,,79,62
,,79,77
,,79,78
,,79,79
,,79,107
,,79,116
,,79,120
,,79,128
,,79,133
,,79,152
,,79,160
,,79,162
,,79,165
,,79,166
,,80,16
,,80,20
,,80,21
,,80,28
,,80,62
,,80,68
,,80,80
,,80,81
,,80,82
,,80,92
,,80,96
,,80,105
,,80,106
,,80,107
,,80,112
,,80,114
,,80,121
,,80,128
,,80,129
,,80,137
,,80,142
,,80,169
,,80,174
,,80,183
,,80,184
,,80,187
,,80,189
,,81,3
,,81,16
,,81,20
,,81,21
,,81,28
,,81,42
,,81,44
,,81,46
,,81,62
,,81,63
,,81,69
,,81,80
,,81,81
,,81,82
,,81,86
,,81,87
,,81,105
,,81,106
,,81,107
,,81,108
,,81,114
,,81,121
,,81,128
,,81,129
,,81,137
,,81,142
,,81,145
,,81,155
,,81,160
,,81,161
,,81,162
,,81,166
,,81,169
,,81,170
,,81,183
,,81,184
,,81,188
,,81,189
,,82,1
,,82,4
,,82,5
,,82,10
,,82,12
,,82,17
,,82,18
,,82,20
,,82,21
,,82,23
,,82,27
,,82,28
,,82,30
,,82,31
,,82,36
,,82,41
,,82,44
,,82,46
,,82,50
,,82,51
,,82,53
,,82,58
,,82,62
,,82,63
,,82,68
,,82,74
,,82,77
,,82,78
,,82,80
,,82,81
,,82,82
,,82,83
,,82,84
,,82,86
,,82,87
,,82,93
,,82,96
,,82,99
,,82,104
,,82,105
,,82,106
,,82,107
,,82,114
,,82,115
,,82,116
,,82,121
,,82,123
,,82,124
,,82,127
,,82,128
,,82,129
,,82,130
,,82,131
,,82,132
,,82,133
,,82,137
,,82,142
,,82,143
,,82,145
,,82,147
,,82,150
,,82,151
,,82,152
,,82,153
,,82,154
,,82,158
,,82,160
,,82,161
,,82,163
,,82,165
,,82,166
,,82,168
,,82,169
,,82,170
,,82,172
,,82,173
,,82,179
,,82,180
,,82,183
,,82,184
,,82,186
,,82,187
,,82,188
,,82,189
,,82,190
,,82,191
,,82,199
,,83,13
,,83,20
,,83,23
,,83,41
,,83,44
,,83,46
,,83,62
,,83,63
,,83,71
,,83,81
,,83,82
,,83,83
,,83,84
,,83,86
,,83,87
,,83,96
,,83,101
,,83,105
,,83,106
,,83,107
,,83,113
,,83,114
,,83,115
,,83,118
,,83,121
,,83,128
,,83,133
,,83,140
,,83,141
,,83,142
,,83,143
,,83,147
,,83,152
,,83,153
,,83,154
,,83,160
,,83,162
,,83,163
,,83,166
,,83,168
,,83,173
,,83,180
,,83,186
,,83,191
,,83,199
,,84,1
,,84,13
,,84,18
,,84,30
,,84,31
,,84,37
,,84,39
,,84,48
,,84,49
,,84,50
,,84,57
,,84,58
,,84,62
,,84,70
,,84,71
,,84,73
,,84,75
,,84,77
,,84,82
,,84,83
,,84,84
,,84,86
,,84,87
,,84,105
,,84,107
,,84,110
,,84,111
,,84,112
,,84,113
,,84,115
,,84,118
,,84,119
,,84,121
,,84,127
,,84,134
,,84,142
,,84,144
,,84,152
,,84,160
,,84,162
,,84,166
,,84,174
,,84,180
,,85,1
,,85,17
,,85,18
,,85,41
,,85,51
,,85,74
,,85,85
,,85,86
,,85,142
,,85,146
,,85,151
,,85,160
,,86,7
,,86,8
,,86,10
,,86,12
,,86,14
,,86,18
,,86,19
,,86,20
,,86,21
,,86,23
,,86,28
,,86,30
,,86,31
,,86,33
,,86,35
,,86,36
,,86,37
,,86,38
,,86,41
,,86,42
,,86,44
,,86,47
,,86,55
,,86,58
,,86,62
,,86,65
,,86,67
,,86,68
,,86,69
,,86,70
,,86,74
,,86,79
,,86,81
,,86,82
,,86,83
,,86,84
,,86,85
,,86,86
,,86,87
,,86,90
,,86,92
,,86,94
,,86,95
,,86,96
,,86,98
,,86,100
,,86,103
,,86,105
,,86,106
,,86,107
,,86,113
,,86,114
,,86,115
,,86,117
,,86,121
,,86,125
,,86,128
,,86,129
,,86,131
,,86,132
,,86,138
,,86,141
,,86,142
,,86,143
,,86,145
,,86,151
,,86,152
,,86,153
,,86,154
,,86,163
,,86,166
,,86,170
,,86,172
,,86,177
,,86,180
,,86,184
,,86,189
,,86,190
,,86,191
,,86,196
,,86,197
,,87,13
,,87,17
,,87,20
,,87,21
,,87,23
,,87,28
,,87,41
,,87,42
,,87,45
,,87,49
,,87,50
,,87,58
,,87,74
,,87,77
,,87,81
,,87,82
,,87,83
,,87,84
,,87,87
,,87,105
,,87,106
,,87,107
,,87,115
,,87,128
,,87,129
,,87,131
,,87,132
,,87,137
,,87,145
,,87,152
,,87,153
,,87,154
,,87,155
,,87,160
,,87,161
,,87,163
,,87,166
,,87,173
,,87,180
,,87,183
,,87,187
,,87,189
,,87,190
,,88,0
,,88,88
,,88,89
,,88,96
,,88,129
,,88,137
,,88,149
,,88,183
,,89,2
,,89,3
,,89,4
,,89,10
,,89,54
,,89,57
,,89,58
,,89,59
,,89,62
,,89,63
,,89,64
,,89,76
,,89,88
,,89,89
,,89,91
,,89,96
,,89,114
,,89,136
,,89,159
,,89,165
,,89,169
,,89,183
,,90,11
,,90,13
,,90,62
,,90,66
,,90,86
,,90,90
,,90,91
,,90,106
,,90,107
,,90,108
,,90,143
,,90,183
,,91,11
,,91,64
,,91,66
,,91,89
,,91,90
,,91,91
,,91,96
,,91,107
,,91,108
,,91,110
,,91,143
,,91,160
,,91,183
,,92,11
,,92,20
,,92,21
,,92,22
,,92,65
,,92,68
,,92,72
,,92,80
,,92,86
,,92,92
,,92,96
,,92,100
,,92,105
,,92,127
,,92,137
,,92,152
,,92,160
,,92,173
,,93,14
,,93,16
,,93,25
,,93,27
,,93,28
,,93,29
,,93,30
,,93,32
,,93,36
,,93,39
,,93,40
,,93,41
,,93,51
,,93,62
,,93,64
,,93,78
,,93,86
,,93,93
,,93,95
,,93,108
,,93,114
,,93,116
,,93,121
,,93,128
,,93,129
,,93,133
,,93,135
,,93,136
,,93,143
,,93,165
,,93,168
,,93,169
,,93,171
,,93,172
,,93,183
,,93,197
,,94,41
,,94,86
,,94,94
,,94,95
,,94,120
,,94,128
,,94,177
,,94,199
,,94,200
,,95,6
,,95,13
,,95,41
,,95,51
,,95,60
,,95,61
,,95,64
,,95,93
,,95,94
,,95,95
,,95,122
,,95,123
,,95,128
,,95,129
,,95,143
,,95,167
,,95,183
,,95,196
,,95,197
,,95,199
,,95,200
,,96,4
,,96,6
,,96,10
,,96,13
,,96,20
,,96,21
,,96,23
,,96,24
,,96,28
,,96,31
,,96,46
,,96,47
,,96,48
,,96,56
,,96,57
,,96,58
,,96,59
,,96,64
,,96,66
,,96,76
,,96,80
,,96,86
,,96,88
,,96,89
,,96,91
,,96,92
,,96,96
,,96,100
,,96,101
,,96,107
,,96,113
,,96,114
,,96,115
,,96,116
,,96,119
,,96,121
,,96,123
,,96,131
,,96,135
,,96,136
,,96,151
,,96,160
,,96,165
,,96,169
,,96,170
,,96,173
,,97,5
,,97,97
,,97,98
,,97,99
,,97,100
,,97,101
,,97,102
,,97,124
,,97,125
,,97,185
,,98,62
,,98,64
,,98,86
,,98,97
,,98,98
,,98,99
,,98,100
,,98,107
,,98,124
,,98,125
,,98,155
,,99,62
,,99,82
,,99,97
,,99,98
,,99,99
,,99,100
,,99,101
,,99,107
,,99,124
,,99,139
,,99,173
,,100,5
,,100,51
,,100,62
,,100,86
,,100,92
,,100,96
,,100,97
,,100,98
,,100,99
,,100,100
,,100,101
,,100,102
,,100,107
,,100,117
,,100,124
,,100,125
,,100,142
,,100,185
,,101,101
,,101,100
,,101,120
,,101,98
,,101,65
,,101,124
,,101,97
,,101,83
,,101,125
,,101,131
,,101,96
,,101,155
,,102,97
,,102,2
,,102,98
,,102,100
,,102,102
,,102,101
,,102,6
,,102,64
,,102,192
,,102,3
,,102,5
,,103,104
,,103,103
,,103,86
,,103,150
,,103,60
,,103,179
,,103,61
,,103,0
,,103,162
,,103,182
,,104,103
,,104,61
,,104,181
,,104,104
,,104,179
,,104,18
,,105,82
,,105,145
,,105,147
,,105,121
,,105,180
,,105,142
,,105,161
,,105,16
,,105,5
,,105,42
,,105,163
,,105,83
,,105,154
,,105,21
,,105,48
,,105,183
,,105,155
,,105,160
,,105,166
,,105,87
,,105,41
,,105,115
,,105,17
,,105,28
,,105,105
,,105,153
,,105,106
,,105,158
,,105,128
,,105,64
,,105,114
,,105,81
,,105,58
,,105,129
,,105,169
,,105,199
,,105,44
,,105,86
,,105,152
,,105,92
,,105,184
,,105,10
,,105,80
,,105,170
,,106,187
,,106,189
,,106,62
,,106,44
,,106,190
,,106,42
,,106,16
,,106,21
,,106,20
,,106,188
,,106,147
,,106,160
,,106,1
,,106,46
,,106,129
,,106,81
,,106,155
,,106,87
,,106,145
,,106,74
,,106,183
,,106,106
,,106,107
,,106,184
,,106,73
,,106,169
,,106,83
,,106,142
,,106,132
,,106,80
,,106,68
,,106,11
,,106,5
,,106,64
,,106,114
,,106,17
,,106,28
,,107,113
,,107,114
,,107,137
,,107,99
,,107,161
,,107,4
,,107,174
,,107,62
,,107,115
,,107,81
,,107,86
,,107,153
,,107,77
,,107,17
,,107,173
,,107,169
,,107,46
,,107,45
,,107,147
,,107,58
,,107,100
,,107,128
,,107,41
,,107,133
,,107,170
,,107,164
,,107,106
,,107,132
,,107,74
,,107,80
,,107,19
,,107,180
,,107,184
,,107,152
,,107,158
,,107,63
,,107,8
,,107,3
,,107,87
,,107,187
,,107,35
,,107,82
,,107,165
,,107,28
,,107,31
,,107,23
,,107,16
,,107,83
,,107,57
,,107,91
,,107,44
,,107,163
,,107,131
,,107,21
,,107,36
,,107,107
,,107,162
,,107,2
,,107,89
,,107,98
,,107,127
,,107,79
,,107,68
,,107,129
,,107,172
,,107,142
,,107,183
,,107,139
,,107,69
,,107,70
,,107,78
,,107,166
,,107,124
,,107,64
,,107,179
,,107,18
,,107,96
,,108,109
,,108,66
,,108,110
,,108,111
,,108,112
,,108,190
,,108,108
,,108,81
,,108,91
,,108,143
,,108,90
,,108,69
,,108,64
,,108,183
,,108,67
,,108,93
,,108,155
,,109,62
,,109,51
,,109,108
,,110,108
,,110,111
,,110,110
,,110,121
,,110,91
,,111,108
,,112,108
,,112,112
,,112,91
,,113,114
,,113,160
,,113,47
,,113,151
,,113,171
,,113,28
,,113,41
,,113,51
,,113,40
,,113,183
,,113,133
,,113,113
,,113,96
,,113,32
,,113,115
,,113,107
,,113,48
,,113,168
,,113,86
,,113,76
,,113,116
,,113,26
,,113,176
,,113,169
,,113,177
,,113,36
,,113,62
,,113,84
,,113,23
,,113,165
,,113,106
,,114,155
,,114,113
,,114,129
,,114,169
,,114,63
,,114,62
,,114,28
,,114,165
,,114,78
,,114,48
,,114,105
,,114,4
,,114,2
,,114,3
,,114,137
,,114,46
,,114,115
,,114,183
,,114,114
,,114,121
,,114,133
,,114,160
,,114,82
,,114,47
,,114,76
,,114,171
,,114,106
,,114,166
,,114,168
,,114,128
,,114,107
,,114,152
,,114,81
,,114,170
,,114,184
,,114,145
,,114,96
,,114,44
,,114,116
,,114,172
,,114,83
,,114,89
,,114,51
,,114,30
,,114,158
,,114,21
,,114,80
,,114,173
,,114,35
,,114,24
,,114,87
,,114,39
,,114,36
,,115,116
,,115,62
,,115,169
,,115,170
,,115,136
,,115,123
,,115,165
,,115,135
,,115,23
,,115,107
,,115,115
,,115,5
,,115,114
,,115,96
,,115,63
,,115,87
,,115,155
,,115,42
,,115,113
,,115,82
,,115,121
,,115,142
,,115,166
,,115,184
,,115,64
,,115,58
,,115,171
,,115,38
,,115,84
,,115,41
,,115,79
,,115,160
,,115,28
,,115,173
,,115,16
,,115,145
,,115,105
,,115,83
,,115,128
,,115,30
,,115,172
,,115,31
,,115,152
,,115,163
,,116,169
,,116,136
,,116,115
,,116,47
,,116,27
,,116,170
,,116,116
,,116,135
,,116,96
,,116,133
,,116,79
,,116,165
,,116,123
,,116,151
,,116,113
,,116,29
,,116,30
,,116,128
,,116,32
,,116,34
,,116,35
,,116,39
,,116,171
,,116,40
,,116,160
,,116,38
,,116,74
,,116,28
,,116,23
,,116,114
,,116,183
,,116,129
,,116,118
,,117,118
,,117,189
,,117,100
,,117,121
,,117,170
,,117,62
,,117,106
,,117,160
,,117,117
,,118,117
,,118,118
,,118,13
,,118,20
,,118,84
,,118,51
,,118,128
,,118,183
,,118,116
,,118,21
,,118,132
,,118,121
,,118,83
,,120,17
,,120,79
,,120,120
,,120,5
,,120,133
,,120,94
,,120,101
,,120,18
,,120,0
,,121,82
,,121,105
,,121,145
,,121,71
,,121,121
,,121,110
,,121,84
,,121,83
,,121,41
,,121,142
,,121,174
,,121,127
,,121,114
,,121,128
,,121,130
,,121,169
,,121,129
,,121,187
,,121,36
,,121,18
,,121,63
,,121,21
,,121,107
,,121,180
,,121,44
,,121,153
,,121,46
,,121,115
,,121,28
,,121,23
,,121,147
,,121,58
,,121,183
,,121,137
,,121,189
,,121,117
,,121,186
,,121,4
,,121,132
,,121,10
,,121,81
,,121,163
,,121,80
,,121,19
,,121,184
,,121,143
,,121,165
,,121,68
,,121,17
,,121,77
,,121,173
,,121,88
,,121,160
,,121,1
,,121,191
,,121,99
,,121,168
,,121,172
,,121,93
,,121,78
,,121,29
,,121,96
,,121,151
,,121,190
,,121,12
,,121,74
,,121,125
,,121,179
,,121,30
,,121,158
,,121,27
,,121,15
,,121,20
,,121,51
,,121,116
,,121,152
,,121,154
,,121,118
,,121,166
,,121,144
,,121,87
,,121,13
,,121,79
,,121,131
,,121,86
,,121,31
,,122,123
,,122,179
,,122,122
,,122,191
,,122,180
,,122,60
,,122,130
,,122,103
,,122,95
,,122,167
,,122,150
,,122,156
,,122,168
,,123,122
,,123,103
,,123,172
,,123,61
,,123,123
,,123,41
,,123,115
,,123,169
,,123,116
,,123,96
,,123,180
,,123,31
,,123,95
,,123,170
,,123,165
,,124,125
,,124,64
,,124,124
,,124,45
,,124,99
,,124,98
,,124,97
,,124,100
,,124,101
,,124,185
,,124,139
,,124,166
,,124,173
,,124,142
,,125,125
,,125,5
,,125,98
,,125,62
,,125,100
,,125,97
,,125,99
,,125,101
,,125,142
,,125,166
,,125,15
,,125,124
,,126,13
,,126,58
,,126,126
,,126,137
,,126,55
,,126,138
,,126,56
,,126,174
,,126,2
,,126,57
,,126,6
,,126,131
,,126,63
,,126,54
,,127,128
,,127,129
,,127,130
,,127,21
,,127,20
,,127,189
,,127,37
,,127,105
,,127,160
,,127,22
,,127,92
,,127,1
,,127,169
,,127,107
,,127,36
,,128,86
,,128,62
,,128,128
,,128,197
,,128,51
,,128,41
,,128,129
,,128,28
,,128,114
,,128,16
,,128,165
,,128,42
,,128,64
,,128,143
,,128,167
,,128,196
,,128,166
,,128,200
,,128,160
,,128,107
,,128,94
,,128,21
,,128,133
,,128,169
,,128,63
,,128,95
,,128,155
,,128,82
,,128,172
,,128,93
,,128,15
,,128,183
,,128,199
,,128,35
,,128,157
,,128,79
,,128,53
,,128,105
,,128,44
,,128,30
,,128,36
,,128,106
,,128,118
,,128,1
,,128,81
,,128,116
,,128,23
,,128,5
,,128,6
,,128,13
,,128,152
,,128,27
,,128,11
,,128,121
,,128,87
,,128,14
,,128,52
,,129,183
,,129,168
,,129,114
,,129,172
,,129,128
,,129,169
,,129,130
,,129,180
,,129,41
,,129,115
,,129,173
,,129,42
,,129,165
,,129,129
,,129,93
,,129,62
,,129,53
,,129,133
,,129,14
,,129,35
,,129,46
,,129,63
,,129,47
,,129,176
,,129,198
,,129,186
,,129,28
,,129,81
,,129,44
,,129,19
,,129,21
,,129,106
,,129,160
,,129,107
,,129,121
,,129,166
,,129,87
,,129,113
,,129,64
,,129,123
,,129,162
,,129,187
,,129,116
,,129,88
,,129,188
,,129,184
,,129,105
,,129,65
,,129,86
,,129,161
,,130,130
,,131,132
,,131,87
,,131,131
,,131,83
,,131,163
,,131,58
,,131,96
,,131,101
,,131,57
,,131,64
,,131,63
,,131,160
,,131,55
,,131,2
,,131,54
,,131,126
,,131,121
,,131,82
,,132,132
,,132,62
,,132,166
,,132,131
,,132,6
,,132,63
,,132,16
,,132,107
,,132,160
,,132,54
,,132,158
,,132,5
,,132,106
,,132,82
,,132,121
,,132,58
,,132,89
,,132,192
,,132,142
,,132,86
,,132,46
,,132,87
,,132,194
,,132,152
,,133,18
,,133,167
,,133,133
,,133,52
,,133,179
,,133,51
,,133,128
,,133,41
,,133,143
,,133,65
,,133,170
,,133,113
,,133,64
,,133,79
,,133,114
,,133,155
,,133,107
,,133,165
,,133,28
,,133,129
,,133,169
,,133,168
,,133,160
,,133,44
,,133,62
,,133,183
,,133,11
,,133,10
,,133,172
,,133,93
,,133,14
,,133,30
,,133,166
,,133,162
,,133,60
,,133,106
,,133,25
,,133,27
,,133,116
,,133,136
,,133,39
,,133,171
,,133,135
,,133,5
,,133,42
,,133,142
,,133,181
,,134,6
,,134,173
,,134,133
,,134,74
,,134,134
,,134,5
,,134,64
,,134,10
,,135,136
,,135,135
,,135,96
,,135,116
,,135,75
,,135,115
,,135,40
,,135,165
,,135,62
,,135,23
,,135,5
,,136,115
,,136,135
,,136,41
,,136,89
,,136,116
,,136,165
,,136,27
,,136,170
,,136,169
,,136,151
,,136,136
,,137,138
,,137,137
,,137,175
,,137,174
,,137,57
,,137,107
,,137,92
,,137,59
,,137,2
,,137,121
,,137,63
,,137,62
,,137,21
,,137,22
,,137,56
,,137,54
,,137,20
,,137,81
,,137,4
,,137,3
,,137,129
,,137,46
,,137,126
,,137,166
,,137,183
,,137,139
,,137,160
,,137,194
,,137,87
,,137,80
,,137,6
,,137,155
,,137,58
,,137,88
,,137,164
,,138,137
,,138,58
,,138,56
,,138,2
,,138,57
,,138,160
,,138,63
,,138,126
,,138,86
,,138,54
,,138,59
,,138,4
,,138,3
,,139,140
,,139,15
,,139,46
,,139,129
,,139,164
,,139,139
,,139,45
,,139,124
,,139,107
,,139,76
,,140,139
,,140,174
,,140,5
,,140,164
,,140,6
,,140,46
,,140,15
,,140,45
,,140,64
,,140,140
,,141,142
,,141,7
,,141,64
,,141,62
,,141,44
,,141,11
,,141,8
,,141,86
,,141,161
,,141,12
,,141,51
,,141,14
,,141,141
,,141,19
,,141,166
,,141,6
,,141,81
,,141,9
,,141,5
,,141,107
,,142,187
,,142,41
,,142,183
,,142,121
,,142,23
,,142,74
,,142,152
,,142,31
,,142,172
,,142,163
,,142,62
,,142,19
,,142,115
,,142,83
,,142,82
,,142,85
,,142,4
,,142,58
,,142,84
,,142,80
,,142,166
,,142,184
,,142,165
,,142,20
,,142,77
,,142,131
,,142,180
,,142,153
,,142,17
,,142,173
,,142,147
,,142,64
,,142,106
,,142,142
,,142,100
,,142,125
,,142,86
,,142,129
,,142,45
,,142,105
,,142,145
,,142,160
,,142,124
,,142,88
,,142,10
,,142,81
,,142,128
,,142,28
,,142,133
,,142,44
,,142,1
,,142,46
,,142,68
,,142,151
,,143,143
,,143,51
,,143,133
,,143,41
,,143,62
,,143,90
,,143,93
,,143,108
,,143,91
,,143,86
,,143,166
,,143,10
,,143,197
,,143,128
,,143,172
,,143,142
,,143,121
,,143,18
,,143,82
,,143,42
,,144,145
,,144,186
,,144,166
,,144,144
,,145,87
,,145,121
,,145,42
,,145,145
,,145,105
,,145,106
,,145,160
,,145,58
,,145,46
,,145,144
,,145,170
,,145,114
,,145,115
,,145,188
,,145,4
,,145,21
,,145,147
,,145,187
,,145,17
,,145,166
,,145,180
,,145,163
,,145,86
,,145,83
,,145,20
,,146,147
,,146,0
,,146,146
,,146,52
,,146,67
,,146,66
,,146,187
,,146,1
,,146,18
,,146,81
,,146,189
,,146,166
,,146,177
,,146,120
,,146,21
,,146,17
,,146,183
,,146,85
,,146,160
,,147,62
,,147,42
,,147,105
,,147,152
,,147,87
,,147,189
,,147,160
,,147,1
,,147,85
,,147,106
,,147,166
,,147,82
,,147,121
,,147,173
,,147,115
,,147,107
,,147,17
,,147,145
,,147,142
,,147,13
,,147,83
,,147,154
,,147,155
,,148,149
,,148,191
,,148,148
,,148,180
,,148,150
,,148,179
,,149,148
,,149,149
,,149,180
,,149,157
,,149,191
,,149,88
,,149,64
,,149,160
,,149,167
,,149,179
,,149,6
,,149,150
,,150,103
,,150,150
,,150,104
,,150,181
,,150,60
,,150,148
,,150,191
,,150,149
,,150,122
,,150,179
,,151,28
,,151,35
,,151,34
,,151,29
,,151,39
,,151,30
,,151,136
,,151,151
,,151,165
,,151,85
,,151,37
,,151,24
,,151,121
,,151,86
,,151,23
,,151,32
,,151,142
,,151,27
,,152,153
,,152,147
,,152,62
,,152,121
,,152,41
,,152,183
,,152,154
,,152,114
,,152,107
,,152,166
,,152,160
,,152,70
,,152,84
,,152,116
,,152,87
,,152,92
,,152,79
,,152,74
,,152,49
,,152,82
,,152,115
,,152,187
,,152,132
,,152,21
,,152,86
,,153,152
,,153,62
,,153,107
,,153,142
,,153,87
,,153,16
,,153,154
,,153,121
,,153,160
,,153,105
,,153,50
,,153,23
,,153,83
,,153,58
,,153,180
,,153,49
,,153,115
,,153,173
,,153,86
,,153,166
,,153,82
,,154,155
,,154,87
,,154,62
,,154,173
,,154,105
,,154,183
,,154,107
,,154,154
,,154,17
,,154,114
,,154,106
,,155,114
,,155,188
,,155,154
,,155,87
,,155,31
,,155,128
,,155,106
,,155,1
,,155,46
,,155,145
,,155,153
,,155,18
,,155,81
,,155,130
,,155,189
,,155,19
,,155,95
,,155,183
,,155,173
,,155,150
,,155,181
,,155,108
,,155,187
,,155,22
,,155,147
,,155,98
,,155,44
,,155,104
,,155,157
,,156,157
,,156,179
,,156,191
,,156,180
,,156,122
,,157,191
,,157,6
,,157,64
,,157,5
,,157,156
,,157,157
,,157,61
,,157,179
,,157,178
,,157,104
,,157,103
,,157,181
,,157,60
,,157,150
,,157,182
,,157,53
,,157,149
,,157,128
,,157,130
,,157,174
,,157,180
,,158,159
,,158,62
,,158,158
,,158,107
,,158,174
,,158,132
,,158,3
,,158,63
,,158,4
,,158,2
,,158,137
,,158,105
,,158,89
,,158,58
,,158,121
,,159,158
,,159,159
,,159,11
,,159,89
,,159,62
,,159,105
,,159,160
,,159,166
,,160,161
,,160,28
,,160,23
,,160,187
,,160,190
,,160,113
,,160,18
,,160,180
,,160,45
,,160,61
,,160,17
,,160,42
,,160,106
,,160,41
,,160,133
,,160,81
,,160,51
,,160,165
,,160,104
,,160,4
,,160,153
,,160,147
,,160,114
,,160,103
,,160,35
,,160,135
,,160,136
,,160,58
,,160,173
,,160,150
,,160,145
,,160,163
,,160,128
,,160,130
,,160,80
,,160,55
,,160,179
,,160,90
,,160,181
,,160,89
,,160,68
,,160,63
,,160,132
,,160,78
,,160,184
,,160,189
,,160,129
,,160,142
,,160,44
,,160,183
,,160,69
,,160,138
,,160,20
,,160,21
,,160,116
,,160,79
,,160,2
,,160,87
,,160,171
,,160,127
,,160,115
,,160,169
,,160,166
,,160,137
,,160,164
,,160,158
,,160,170
,,160,47
,,160,65
,,160,12
,,160,3
,,160,188
,,160,139
,,160,19
,,160,197
,,160,91
,,160,8
,,160,143
,,160,40
,,160,159
,,160,140
,,160,30
,,160,149
,,160,29
,,160,36
,,160,191
,,160,148
,,160,152
,,160,10
,,160,160
,,160,141
,,160,54
,,160,85
,,160,66
,,160,107
,,160,59
,,160,25
,,160,83
,,160,57
,,160,56
,,160,193
,,160,67
,,160,131
,,160,156
,,160,108
,,160,27
,,160,195
,,160,117
,,160,162
,,160,92
,,160,200
,,160,123
,,160,82
,,160,96
,,160,194
,,160,15
,,161,7
,,161,12
,,161,161
,,161,121
,,161,19
,,161,44
,,161,141
,,161,160
,,161,87
,,161,129
,,162,71
,,162,84
,,162,190
,,162,163
,,162,58
,,162,2
,,162,63
,,162,31
,,162,90
,,162,169
,,162,184
,,162,195
,,162,50
,,162,15
,,162,181
,,162,133
,,162,186
,,163,72
,,163,106
,,163,82
,,163,121
,,163,105
,,163,160
,,163,166
,,163,142
,,163,162
,,163,87
,,163,62
,,163,83
,,163,115
,,163,107
,,163,154
,,163,86
,,163,145
,,163,20
,,163,5
,,163,42
,,163,170
,,164,139
,,164,46
,,164,174
,,164,140
,,164,164
,,164,15
,,164,107
,,164,62
,,164,160
,,164,45
,,164,16
,,164,96
,,164,170
,,164,2
,,164,64
,,164,137
,,165,166
,,165,115
,,165,28
,,165,114
,,165,169
,,165,27
,,165,30
,,165,116
,,165,133
,,165,165
,,165,136
,,165,135
,,165,129
,,165,25
,,165,39
,,165,186
,,165,128
,,165,29
,,165,33
,,165,34
,,165,35
,,165,38
,,165,13
,,165,36
,,165,160
,,165,151
,,165,32
,,165,171
,,165,40
,,165,170
,,165,23
,,165,119
,,165,167
,,165,93
,,165,123
,,165,96
,,165,31
,,165,47
,,165,107
,,165,51
,,165,142
,,165,121
,,165,183
,,165,64
,,165,89
,,165,75
,,165,82
,,165,48
,,165,79
,,165,26
,,165,86
,,165,105
,,166,165
,,166,132
,,166,44
,,166,114
,,166,128
,,166,107
,,166,168
,,166,187
,,166,84
,,166,160
,,166,64
,,166,142
,,166,86
,,166,159
,,166,174
,,166,137
,,166,74
,,166,173
,,166,147
,,166,115
,,166,58
,,166,141
,,166,93
,,166,129
,,166,158
,,166,2
,,166,12
,,166,23
,,166,156
,,166,178
,,166,20
,,166,194
,,166,139
,,166,87
,,166,140
,,166,55
,,166,184
,,166,163
,,166,19
,,166,28
,,166,133
,,166,69
,,166,127
,,166,61
,,166,54
,,166,83
,,166,82
,,166,81
,,166,166
,,166,143
,,166,42
,,166,4
,,166,150
,,166,0
,,166,181
,,166,3
,,167,168
,,167,167
,,167,133
,,167,18
,,167,41
,,167,51
,,167,53
,,167,60
,,167,196
,,167,14
,,167,199
,,167,128
,,167,95
,,167,165
,,167,182
,,167,122
,,167,181
,,167,149
,,167,197
,,167,130
,,167,172
,,167,198
,,167,200
,,167,94
,,168,129
,,168,168
,,168,47
,,168,113
,,168,35
,,168,167
,,168,28
,,168,114
,,168,166
,,168,83
,,168,172
,,168,183
,,168,93
,,168,14
,,168,160
,,168,198
,,168,128
,,168,6
,,168,133
,,168,122
,,169,115
,,169,170
,,169,116
,,169,114
,,169,165
,,169,28
,,169,96
,,169,169
,,169,129
,,169,123
,,169,36
,,169,41
,,169,21
,,169,136
,,169,135
,,169,63
,,169,46
,,169,133
,,169,64
,,169,81
,,169,62
,,169,5
,,169,160
,,169,105
,,169,137
,,169,183
,,169,107
,,169,128
,,169,113
,,169,30
,,169,82
,,169,121
,,169,106
,,169,6
,,169,162
,,169,13
,,169,89
,,169,172
,,169,80
,,169,29
,,169,35
,,169,24
,,169,33
,,169,16
,,170,170
,,170,136
,,170,115
,,170,96
,,170,169
,,170,116
,,170,165
,,170,133
,,170,123
,,170,135
,,170,64
,,170,107
,,170,36
,,170,151
,,170,5
,,170,62
,,170,28
,,170,35
,,170,160
,,170,117
,,170,16
,,170,31
,,170,145
,,170,40
,,170,38
,,170,13
,,170,164
,,170,26
,,170,27
,,170,114
,,170,188
,,170,23
,,170,183
,,170,105
,,170,163
,,171,40
,,171,41
,,171,38
,,171,114
,,171,171
,,171,116
,,171,5
,,171,113
,,171,172
,,171,165
,,171,26
,,171,23
,,171,160
,,171,64
,,172,123
,,172,93
,,172,129
,,172,62
,,172,172
,,172,61
,,172,130
,,172,197
,,172,128
,,172,65
,,172,47
,,172,60
,,172,142
,,172,181
,,172,168
,,172,86
,,172,64
,,172,183
,,172,133
,,172,143
,,172,51
,,172,28
,,172,27
,,172,114
,,172,167
,,172,169
,,172,14
,,172,107
,,172,115
,,172,166
,,172,23
,,172,87
,,173,21
,,173,134
,,173,173
,,173,154
,,173,20
,,173,10
,,173,22
,,173,62
,,173,105
,,173,41
,,173,147
,,173,87
,,173,92
,,173,115
,,173,68
,,173,83
,,173,166
,,173,121
,,173,155
,,173,107
,,173,160
,,173,69
,,173,184
,,173,126
,,173,86
,,173,74
,,174,175
,,174,63
,,174,174
,,174,107
,,174,4
,,174,164
,,174,16
,,174,46
,,174,3
,,174,140
,,174,2
,,174,137
,,174,121
,,174,158
,,174,199
,,174,59
,,174,58
,,174,157
,,174,195
,,174,21
,,174,80
,,174,126
,,174,15
,,174,54
,,175,174
,,175,15
,,175,3
,,175,137
,,175,58
,,176,177
,,176,178
,,176,176
,,176,94
,,176,129
,,176,200
,,176,93
,,176,181
,,177,176
,,177,178
,,177,17
,,177,61
,,177,177
,,177,5
,,177,64
,,177,60
,,177,86
,,177,0
,,177,18
,,177,113
,,177,146
,,177,166
,,177,94
,,177,74
,,177,200
,,178,176
,,178,177
,,178,61
,,178,0
,,178,157
,,178,200
,,178,178
,,178,180
,,178,191
,,179,157
,,179,180
,,179,122
,,179,179
,,179,191
,,179,156
,,179,149
,,179,103
,,179,181
,,179,61
,,179,60
,,179,104
,,179,128
,,179,160
,,180,130
,,180,148
,,180,149
,,180,191
,,180,179
,,180,156
,,180,122
,,180,105
,,180,129
,,180,180
,,180,70
,,180,178
,,180,82
,,180,121
,,180,160
,,180,41
,,180,157
,,180,62
,,180,166
,,180,87
,,180,162
,,180,107
,,180,145
,,180,128
,,180,17
,,180,172
,,181,182
,,181,179
,,181,181
,,181,104
,,181,150
,,181,61
,,181,60
,,181,172
,,181,14
,,181,103
,,181,157
,,181,156
,,181,64
,,181,167
,,181,6
,,181,95
,,181,176
,,181,160
,,181,133
,,182,61
,,182,157
,,182,182
,,182,53
,,182,167
,,182,103
,,182,181
,,182,104
,,182,60
,,182,150
,,182,18
,,183,198
,,183,183
,,183,129
,,183,106
,,183,64
,,183,88
,,183,63
,,183,19
,,183,187
,,183,44
,,183,168
,,183,62
,,183,113
,,183,114
,,183,80
,,183,184
,,183,81
,,183,142
,,183,93
,,183,172
,,183,121
,,183,82
,,183,5
,,183,152
,,183,21
,,183,107
,,183,108
,,183,133
,,183,28
,,183,128
,,183,16
,,183,3
,,183,29
,,183,169
,,183,159
,,183,89
,,183,165
,,183,20
,,183,188
,,183,68
,,183,137
,,183,91
,,183,155
,,183,69
,,183,90
,,183,87
,,183,154
,,183,145
,,183,36
,,183,160
,,183,58
,,183,116
,,183,12
,,183,95
,,183,35
,,183,4
,,183,53
,,183,11
,,183,170
,,184,184
,,184,190
,,184,81
,,184,42
,,184,173
,,184,68
,,184,69
,,184,6
,,184,107
,,184,115
,,184,80
,,184,187
,,184,183
,,184,160
,,184,121
,,184,189
,,184,62
,,184,162
,,184,13
,,184,166
,,184,86
,,184,127
,,184,5
,,184,64
,,184,19
,,184,105
,,184,82
,,185,52
,,185,97
,,185,124
,,185,98
,,185,99
,,185,100
,,185,125
,,185,101
,,186,121
,,186,152
,,186,165
,,186,70
,,186,82
,,186,129
,,186,186
,,186,62
,,186,31
,,187,106
,,187,142
,,187,189
,,187,183
,,187,80
,,187,69
,,187,184
,,187,166
,,187,62
,,187,21
,,187,74
,,187,107
,,187,20
,,187,87
,,187,1
,,187,160
,,187,121
,,187,129
,,187,105
,,187,155
,,187,16
,,187,152
,,187,42
,,188,189
,,188,106
,,188,155
,,188,20
,,188,80
,,188,69
,,188,184
,,188,42
,,188,145
,,188,183
,,188,74
,,188,129
,,188,21
,,188,170
,,189,106
,,189,80
,,189,69
,,189,82
,,189,121
,,189,86
,,189,184
,,189,62
,,189,5
,,189,21
,,189,20
,,189,1
,,189,188
,,189,81
,,189,189
,,190,184
,,190,106
,,190,42
,,190,62
,,190,160
,,190,105
,,190,162
,,190,86
,,190,189
,,190,87
,,190,69
,,190,13
,,190,108
,,190,16
,,190,121
,,191,157
,,191,191
,,191,149
,,191,130
,,191,178
,,191,122
,,191,179
,,191,6
,,191,148
,,191,180
,,191,156
,,191,64
,,191,5
,,191,166
,,191,160
,,191,150
,,191,83
,,191,142
,,191,86
,,192,193
,,192,194
,,192,195
,,192,2
,,192,192
,,192,3
,,192,4
,,192,58
,,192,102
,,192,132
,,192,59
,,193,193
,,193,2
,,193,4
,,193,194
,,193,58
,,193,195
,,193,59
,,193,63
,,193,160
,,193,3
,,193,55
,,193,57
,,193,6
,,194,194
,,194,195
,,194,2
,,194,192
,,194,4
,,194,54
,,194,193
,,194,5
,,194,55
,,194,63
,,194,3
,,194,59
,,194,137
,,194,6
,,194,58
,,194,56
,,194,132
,,195,194
,,195,2
,,195,195
,,195,4
,,195,192
,,195,58
,,195,6
,,195,63
,,195,3
,,195,5
,,195,193
,,195,174
,,195,57
,,195,160
,,195,162
,,195,59
,,196,41
,,196,95
,,196,128
,,196,167
,,196,196
,,196,51
,,196,197
,,196,199
,,196,200
,,196,94
,,196,143
,,196,16
,,196,64
,,196,86
,,197,128
,,197,197
,,197,41
,,197,51
,,197,86
,,197,65
,,197,95
,,197,143
,,197,27
,,197,13
,,197,64
,,197,172
,,197,199
,,197,196
,,197,52
,,198,183
,,198,41
,,198,165
,,198,129
,,198,5
,,198,128
,,198,196
,,198,51
,,198,197
,,198,199
,,198,200
,,198,167
,,198,94
,,198,95
,,198,31
,,198,198
,,198,168
,,198,64
,,199,196
,,199,51
,,199,197
,,199,199
,,199,200
,,199,128
,,199,167
,,199,41
,,199,94
,,199,95
,,199,174
,,199,65
,,199,64
,,199,105
,,199,1
,,199,121
,,199,53
,,199,82
,,199,42
,,200,94
,,200,128
,,200,65
,,200,51
,,200,199
,,200,200
